date;time;activity;acceleration_x;acceleration_y;acceleration_z;gyro_x;gyro_y;gyro_z
01/07/23;13:51:15:847724020;1;0.2650;-0.7814;-0.0076;-0.0590;0.0325;-2.9296
01/07/23;13:51:16:246945023;1;0.6722;-1.1233;-0.2344;-0.1757;0.0208;0.1269
01/07/23;13:51:16:446233987;1;0.4399;-1.4817;0.0722;-0.9105;0.1063;-2.4367
01/07/23;13:51:16:646117985;1;0.3031;-0.8125;0.0888;0.1199;-0.4099;-2.9336
01/07/23;13:51:16:846738994;1;0.4814;-0.9312;0.0359;0.0527;0.4379;2.4922
01/07/23;13:51:17:246767997;1;0.6320;-1.1290;-0.2982;0.0548;-0.1896;0.4473
01/07/23;13:51:17:446569025;1;0.6670;-1.3503;-0.0880;-0.8094;-0.7938;-1.4348
01/07/23;13:51:17:46806991;1;0.4044;-0.8056;-0.0956;0.6925;-0.2179;2.5750
01/07/23;13:51:17:646152973;1;0.2704;-0.8633;0.1293;-0.4173;-0.1904;-2.6759
01/07/23;13:51:17:846502006;1;0.4690;-1.0740;0.0219;0.0388;1.1491;1.6982
01/07/23;13:51:18:246815025;1;0.6364;-1.0452;-0.2400;0.1163;-0.1033;1.0822
01/07/23;13:51:18:446740984;1;0.5683;-1.2486;-0.1310;-0.4556;-0.5281;-1.2407
01/07/23;13:51:18:46802997;1;0.2985;-0.7172;-0.0693;0.2326;0.4321;2.1009
01/07/23;13:51:18:646052002;1;0.2911;-0.7748;0.0163;-0.2345;-0.0148;-2.5884
01/07/23;13:51:18:846947014;1;0.4477;-1.1574;-0.0172;-0.1081;0.4016;0.6700
01/07/23;13:51:19:247058987;1;0.6028;-1.0966;-0.3046;0.1674;-0.5065;1.0156
01/07/23;13:51:19:446731984;1;0.4852;-1.3397;-0.0763;-0.8579;0.0096;-1.4015
01/07/23;13:51:19:46791970;1;0.2424;-0.7421;-0.0549;0.5714;-0.0506;2.1356
01/07/23;13:51:19:645977020;1;0.3017;-0.8366;0.0718;-0.2701;-0.4678;-2.7010
01/07/23;13:51:19:847127020;1;0.4082;-1.0859;-0.0375;0.0848;-0.1050;0.2870
01/07/23;13:51:20:246771991;1;0.6363;-0.7532;-0.2972;-0.0726;-0.1945;1.4530
01/07/23;13:51:20:446739971;1;0.7090;-1.1893;-0.2303;-0.1418;-1.4683;-1.2643
01/07/23;13:51:20:46733021;1;0.3720;-0.8190;-0.2379;0.3006;0.1531;2.6873
01/07/23;13:51:20:646055996;1;0.3275;-0.7846;-0.0344;0.0436;-0.3678;-2.9826
01/07/23;13:51:20:846733987;1;0.2957;-0.9224;-0.0462;0.1208;0.0853;-0.2949
01/07/23;13:51:21:246074974;1;0.5656;-0.8049;-0.1815;0.4349;-0.0852;1.4384
01/07/23;13:51:21:446759998;1;0.7335;-1.3042;-0.2887;-0.4351;0.0151;-1.1675
01/07/23;13:51:21:46055972;1;0.5468;-1.2653;-0.2362;0.1492;0.5586;3.5731
01/07/23;13:51:21:645960986;1;0.2843;-0.9344;-0.0459;-0.3433;-0.1396;-3.1056
01/07/23;13:51:21:846737980;1;0.2854;-0.9109;0.0746;0.0790;0.0688;-1.5500
01/07/23;13:51:22:247101008;1;0.5319;-0.7638;-0.1285;0.3973;-0.0524;2.0416
01/07/23;13:51:22:446877002;1;0.5509;-1.4469;-0.1684;-0.1590;0.5247;-0.2822
01/07/23;13:51:22:46733021;1;0.5291;-1.2390;-0.1573;0.3893;-0.2878;3.0852
01/07/23;13:51:22:646080970;1;0.4053;-0.7735;-0.0511;-0.0841;-0.5589;-2.2833
01/07/23;13:51:22:846728026;1;0.2938;-0.9424;0.0928;-0.5436;0.4212;-1.1527
01/07/23;13:51:23:246728003;1;0.4652;-0.6219;-0.1181;0.5532;0.4083;1.6534
01/07/23;13:51:23:446627974;1;0.5604;-1.2123;-0.2765;-0.3950;0.0046;0.5489
01/07/23;13:51:23:46966016;1;0.5140;-1.0203;-0.2959;0.7219;-0.1907;1.6697
01/07/23;13:51:23:646005988;1;0.5762;-1.1338;-0.0781;-0.2823;-1.0751;-1.6040
01/07/23;13:51:23:846715986;1;0.2365;-0.8592;0.1061;-0.3530;0.3114;-2.2969
01/07/23;13:51:24:246806979;1;0.3306;-0.7377;-0.0852;0.5862;-0.3914;2.0878
01/07/23;13:51:24:446799993;1;0.6213;-1.1723;-0.2599;0.0188;-0.2731;0.7516
01/07/23;13:51:24:46934008;1;0.4459;-1.1958;0.0135;0.3472;0.3493;1.6180
01/07/23;13:51:24:645982027;1;0.4872;-1.1931;-0.0351;-0.5722;-0.5391;-1.4604
01/07/23;13:51:24:846868991;1;0.2804;-0.8719;0.0750;-0.3699;0.1381;-2.3609
01/07/23;13:51:25:246993005;1;0.3337;-0.6742;-0.0606;-0.6249;1.6331;2.0391
01/07/23;13:51:25:446923017;1;0.6582;-1.0350;-0.1183;-0.6174;0.9292;1.6138
01/07/23;13:51:25:46871006;1;0.4056;-1.2032;0.0102;-0.2242;0.4722;0.8533
01/07/23;13:51:25:645981013;1;0.7001;-1.1561;-0.1305;0.1899;-0.0869;-0.8852
01/07/23;13:51:25:846917986;1;0.3547;-0.8853;-0.0107;0.3715;-0.9418;-2.7084
01/07/23;13:51:26:246820986;1;0.3238;-0.8770;-0.0594;0.3748;-0.8984;2.5428
01/07/23;13:51:26:446904003;1;0.6620;-0.7942;-0.2785;0.2064;-0.3973;1.3190
01/07/23;13:51:26:47057986;1;0.3895;-0.9959;0.0459;-0.4890;0.6190;0.5679
01/07/23;13:51:34:779731988;1;0.6929;-1.1423;-0.1246;-0.2950;-0.7894;-1.0990
01/07/23;13:51:34:979173004;1;0.2491;-0.8098;-0.0453;-0.2112;-0.0623;-2.8868
01/07/23;13:51:35:179674983;1;0.3197;-0.8978;0.0555;-0.1366;0.1722;-0.8806
01/07/23;13:51:35:379680991;1;0.5569;-1.4246;-0.1935;0.3919;-1.1598;3.5336
01/07/23;13:51:35:578998982;1;0.3874;-0.6626;-0.1261;0.5992;0.3975;0.8820
01/07/23;13:51:35:779996991;1;0.5634;-1.4413;-0.2124;-0.6606;0.8258;-0.2538
01/07/23;13:51:35:979737997;1;0.3344;-0.9437;-0.0687;-0.6882;-0.1209;-2.5220
01/07/23;13:51:36:179668009;1;0.2797;-0.8473;0.0257;-0.2574;-0.2347;-1.8959
01/07/23;13:51:36:379674017;1;0.5678;-0.8802;-0.2326;0.5755;0.2310;2.8897
01/07/23;13:51:36:579127013;1;0.5353;-0.8067;-0.1952;0.1344;1.0349;2.0420
01/07/23;13:51:36:779670000;1;0.5940;-1.0874;-0.2786;-0.1817;0.1701;-0.0454
01/07/23;13:51:36:979744970;1;0.6107;-1.3625;-0.0638;-0.5926;-0.6533;-1.7893
01/07/23;13:51:37:179669976;1;0.3213;-0.8954;0.0174;0.0490;-0.2087;-2.8416
01/07/23;13:51:37:379670023;1;0.4545;-1.0454;0.0062;-0.0272;0.8734;2.7890
01/07/23;13:51:37:579086005;1;0.2549;-0.8386;-0.0392;0.2216;0.6141;1.7357
01/07/23;13:51:37:779861986;1;0.6122;-0.9528;-0.2697;0.1331;-0.5244;0.6437
01/07/23;13:51:37:979722976;1;0.6089;-1.2991;-0.1467;-0.3103;-0.7567;-1.5889
01/07/23;13:51:38:179884016;1;0.3163;-0.8134;0.0059;-0.1059;-0.3358;-2.5507
01/07/23;13:51:38:379767000;1;0.4213;-1.0800;-0.0060;-0.3115;0.7397;1.1321
01/07/23;13:51:38:578894972;1;0.2652;-0.7821;-0.0957;0.4252;-0.3947;2.2478
01/07/23;13:51:38:779749989;1;0.5738;-1.0088;-0.2986;0.3680;0.2680;0.6341
01/07/23;13:51:38:979653000;1;0.5505;-1.2154;-0.1757;-0.6000;0.4061;-1.1604
01/07/23;13:51:39:179708003;1;0.2887;-0.7713;0.0014;-0.3777;-0.2716;-2.4449
01/07/23;13:51:39:379805982;1;0.3945;-0.9849;0.0078;-0.2744;0.6706;0.2757
01/07/23;13:51:39:578935027;1;0.5972;-1.1432;-0.2235;0.4744;-1.1092;2.7531
01/07/23;13:51:39:779660999;1;0.4722;-0.7720;-0.2505;0.2067;0.4913;0.7946
01/07/23;13:51:39:979758024;1;0.5853;-1.2346;-0.1981;-0.5655;0.1169;-0.8977
01/07/23;13:51:40:179729998;1;0.2757;-0.8391;-0.0072;-0.3355;-0.3098;-2.6540
01/07/23;13:51:40:379813015;1;0.3073;-0.9275;0.0401;-0.1457;0.1557;-0.7875
01/07/23;13:51:40:578963994;1;0.5658;-1.1213;-0.2999;0.3816;-0.7291;3.1841
01/07/23;13:51:40:779711008;1;0.4005;-0.7692;-0.1453;0.6868;-0.1800;1.0397
01/07/23;13:51:40:979669988;1;0.5844;-1.4608;-0.2223;-0.6575;0.5828;-0.4737
01/07/23;13:51:41:179695010;1;0.2566;-0.8068;-0.0420;-0.7274;-0.0563;-2.0685
01/07/23;13:51:41:379640996;1;0.3040;-1.0526;0.0464;-0.4294;0.2014;-1.4583
01/07/23;13:51:41:578885018;1;0.4465;-1.0840;-0.1606;0.4681;0.3918;2.2522
01/07/23;13:51:41:779720008;1;0.3939;-0.6838;-0.1126;0.5759;-0.0559;1.4791
01/07/23;13:51:41:979721009;1;0.5429;-1.1746;-0.2511;-0.1469;0.0960;0.1659
01/07/23;13:51:42:179032981;1;0.3388;-1.0269;-0.0469;-0.6239;0.1507;-2.2914
01/07/23;13:51:42:379993975;1;0.3130;-0.8987;0.0300;-0.1390;-0.3489;-2.0221
01/07/23;13:51:42:579164981;1;0.4655;-0.9433;-0.1292;0.0525;0.8692;2.6627
01/07/23;13:51:42:779334008;1;0.3586;-0.6902;-0.1185;0.7068;0.1210;1.6036
01/07/23;13:51:42:979740023;1;0.5211;-1.1707;-0.2329;-0.1162;0.2544;0.1954
01/07/23;13:51:43:179750025;1;0.2969;-1.1104;-0.0124;-0.7790;-1.1317;-1.6004
01/07/23;13:51:43:379786014;1;0.3363;-0.8360;0.0099;-0.0867;-0.3271;-2.8469
01/07/23;13:51:43:579064011;1;0.3964;-0.9407;0.0009;0.1145;1.2034;2.4547
01/07/23;13:51:43:779779016;1;0.2734;-0.7188;-0.0972;0.4533;0.7148;1.7676
01/07/23;13:51:43:979735970;1;0.6459;-1.0737;-0.2870;0.0272;-0.3601;1.0471
01/07/23;13:51:44:179670989;1;0.5694;-1.2458;-0.1208;-0.4814;-0.8431;-1.8555
01/07/23;13:51:44:380482971;1;0.3199;-0.8176;0.0217;-0.1003;-0.4282;-2.9279
01/07/23;13:51:44:579086005;1;0.4304;-1.0449;0.0086;-0.2193;0.5762;1.3037
01/07/23;13:51:44:779658973;1;0.2451;-0.7513;-0.0711;0.4032;-0.0894;2.3071
01/07/23;13:51:44:978751003;1;0.6190;-1.0499;-0.2608;0.2130;0.0767;1.1665
01/07/23;13:51:45:179660022;1;0.5926;-1.2836;-0.1250;-0.4594;-0.5626;-1.5641
01/07/23;13:51:45:380167007;1;0.3374;-0.8574;0.0220;-0.0574;-0.1738;-3.1476
01/07/23;13:51:54:613249003;1;0.3904;-1.0966;0.0865;-0.2943;1.0793;1.1683
01/07/23;13:51:54:852572977;1;0.4515;-1.1358;0.0536;-0.1098;0.7647;1.6656
01/07/23;13:51:55:13251006;1;0.5460;-1.3575;-0.1702;0.0282;-0.6770;3.3690
01/07/23;13:51:55:213299989;1;0.5125;-0.7924;-0.1582;0.5775;0.5693;1.5485
01/07/23;13:51:55:412413001;1;0.6180;-1.0541;-0.2813;-0.3952;0.2874;-1.1419
01/07/23;13:51:55:612860977;1;0.3146;-0.8448;-0.2048;-0.4367;-0.2532;-3.0088
01/07/23;13:51:55:813215017;1;0.2907;-0.9160;0.0844;-0.1950;0.0612;-1.2387
01/07/23;13:51:56:13212025;1;0.5521;-1.1966;-0.1881;0.4755;-0.4405;3.2137
01/07/23;13:51:56:213316977;1;0.4494;-0.7836;-0.0926;0.2773;0.9572;1.7310
01/07/23;13:51:56:412490010;1;0.6712;-1.4076;-0.2433;-0.3272;0.3408;-0.3338
01/07/23;13:51:56:613242983;1;0.3771;-0.8419;-0.0954;-0.3900;-0.7119;-2.2131
01/07/23;13:51:56:813407003;1;0.2652;-0.8868;0.0612;-0.3929;0.2178;-1.5815
01/07/23;13:51:57:13215005;1;0.4664;-0.9583;-0.2090;0.6097;0.0795;1.9947
01/07/23;13:51:57:213201999;1;0.3983;-0.6054;-0.1031;0.4364;0.2436;1.8102
01/07/23;13:51:57:412667989;1;0.5717;-1.1796;-0.2747;-0.2244;0.1854;0.0684
01/07/23;13:51:57:613352000;1;0.4888;-1.0419;-0.0523;-0.4952;-0.2235;-1.8617
01/07/23;13:51:57:813188016;1;0.2574;-0.8144;0.0614;-0.2815;-0.1088;-1.9101
01/07/23;13:51:58:13194024;1;0.4383;-1.2338;-0.0071;0.2464;0.7006;1.8130
01/07/23;13:51:58:213432013;1;0.2924;-0.6761;-0.0946;0.6000;-0.0807;1.5778
01/07/23;13:51:58:412433028;1;0.6276;-1.2240;-0.2558;-0.1951;0.3076;1.0727
01/07/23;13:51:58:613099992;1;0.5259;-1.2524;-0.1105;-0.4858;-0.1670;-1.8457
01/07/23;13:51:58:813184976;1;0.3091;-0.8166;0.0283;-0.4860;-0.4276;-2.1202
01/07/23;13:51:59:13338983;1;0.4689;-1.3066;0.0249;-0.0127;0.7981;1.6438
01/07/23;13:51:59:213198006;1;0.1589;-0.6739;-0.0822;0.0035;1.6908;1.3058
01/07/23;13:51:59:412445008;1;0.6880;-1.0351;-0.2452;0.0222;-1.0059;1.3073
01/07/23;13:51:59:613447010;1;0.6005;-1.4198;-0.0493;-0.3832;-0.7527;-1.1902
01/07/23;13:51:59:812976002;1;0.3340;-0.6980;-0.0091;0.3287;-0.8099;-2.8684
01/07/23;13:52:0:12589991;1;0.3832;-1.0722;0.0366;-0.5351;1.5721;1.5499
01/07/23;13:52:0:213325023;1;0.2838;-0.9062;0.0382;0.3371;-0.5764;1.6389
01/07/23;13:52:0:412436008;1;0.6306;-1.0355;-0.2353;0.1983;0.0396;0.8317
01/07/23;13:52:0:613312005;1;0.5268;-1.3036;-0.1140;-0.5090;-0.0389;-1.2810
01/07/23;13:52:0:813238024;1;0.3323;-0.7253;0.0268;0.0822;-0.7226;-2.3490
01/07/23;13:52:1:13520002;1;0.3666;-1.0244;0.0266;-0.4267;0.8955;1.0966
01/07/23;13:52:1:213178992;1;0.3373;-1.1735;0.0059;0.3822;-0.5113;1.6313
01/07/23;13:52:1:412422001;1;0.4869;-0.6978;-0.1337;0.2063;0.2438;1.0906
01/07/23;13:52:1:613179981;1;0.5617;-1.3276;-0.1674;-0.5130;0.3510;-1.0634
01/07/23;13:52:1:813167989;1;0.2571;-0.6437;-0.0247;-0.2874;0.1529;-2.5594
01/07/23;13:52:14:796362996;1;0.4001;-0.6247;-0.0973;0.4054;0.4231;1.3103
01/07/23;13:52:14:996354997;1;0.2536;-0.7218;-0.0460;-0.1791;0.0691;-2.8528
01/07/23;13:52:15:196317017;1;0.3171;-0.9279;0.0466;-0.1915;0.6863;-0.7197
01/07/23;13:52:15:396300017;1;0.5144;-1.1808;-0.0947;0.1954;-0.7586;3.4564
01/07/23;13:52:15:595529973;1;0.6302;-1.0027;-0.2544;0.4635;0.3526;1.3424
01/07/23;13:52:15:796494007;1;0.5315;-1.3590;-0.1005;-0.6360;-0.4082;-1.4250
01/07/23;13:52:15:996300995;1;0.3078;-0.8247;-0.0371;-0.4190;0.6718;-3.4323
01/07/23;13:52:16:196298003;1;0.2961;-0.8109;0.0529;0.1695;0.3035;-0.6100
01/07/23;13:52:16:396342992;1;0.6216;-1.2921;-0.1830;0.3646;-0.8434;4.5253
01/07/23;13:52:16:595551013;1;0.4669;-0.8997;-0.1299;0.6902;1.0346;1.0067
01/07/23;13:52:16:796312987;1;0.5483;-1.0437;-0.2464;-0.5561;0.3751;-1.0836
01/07/23;13:52:16:996379971;1;0.2883;-0.7494;-0.0700;-0.5835;0.2541;-2.7221
01/07/23;13:52:17:195496022;1;0.3103;-0.9474;0.0918;-0.3342;0.3749;-0.9615
01/07/23;13:52:17:396317005;1;0.5737;-1.2309;-0.1642;0.6664;-1.0689;3.0600
01/07/23;13:52:17:595609009;1;0.3922;-0.8040;-0.1033;0.4671;0.8675;1.4024
01/07/23;13:52:17:796280980;1;0.6183;-1.0988;-0.2312;-0.5011;-0.0069;-0.6620
01/07/23;13:52:17:996311008;1;0.3179;-0.7208;-0.0448;-0.2314;0.0269;-2.8967
01/07/23;13:52:18:196961998;1;0.3401;-0.9129;0.0609;-0.4286;0.5847;-0.8477
01/07/23;13:52:18:396380007;1;0.5484;-1.1660;-0.1173;0.3994;-0.8414;3.2145
01/07/23;13:52:18:595641970;1;0.4537;-0.8362;-0.2068;0.7727;0.1396;1.1252
01/07/23;13:52:18:796455025;1;0.5727;-1.2256;-0.2337;-0.9033;0.5141;-0.4572
01/07/23;13:52:18:996469020;1;0.2616;-0.7633;-0.0727;-0.5846;0.2503;-2.7332
01/07/23;13:52:19:196285009;1;0.3056;-0.8865;0.0855;-0.3585;0.1818;-1.3597
01/07/23;13:52:19:396273016;1;0.5986;-1.3343;-0.1837;0.1472;-0.4810;3.5921
01/07/23;13:52:19:595547974;1;0.4264;-0.7467;-0.1037;0.8588;-0.0226;1.4567
01/07/23;13:52:19:796509981;1;0.6081;-1.4422;-0.2209;-0.6622;0.2625;-0.3923
01/07/23;13:52:19:996357023;1;0.3269;-0.8763;-0.1170;-0.6601;0.3963;-2.8025
01/07/23;13:52:2:13499975;1;0.3857;-0.8789;-0.0129;-0.3590;0.3438;0.3601
01/07/23;13:52:2:213227987;1;0.5174;-1.1699;-0.1549;0.4155;-0.6700;2.1305
01/07/23;13:52:2:412424981;1;0.4649;-0.7070;-0.1444;0.3172;0.2781;0.8512
01/07/23;13:52:2:613170027;1;0.5341;-1.3678;-0.1017;-0.2392;-0.3451;-0.8629
01/07/23;13:52:2:813582003;1;0.2995;-0.7166;0.0036;-0.1298;-1.0186;-2.0083
01/07/23;13:52:20:196325004;1;0.2867;-0.9105;0.0883;-0.2444;-0.2380;-2.0077
01/07/23;13:52:20:396539986;1;0.5973;-1.1717;-0.2185;0.2394;0.4566;3.6139
01/07/23;13:52:20:595520973;1;0.4086;-0.7668;-0.0785;0.6984;0.2264;1.4650
01/07/23;13:52:20:796514987;1;0.5778;-1.2404;-0.2415;-0.2482;0.3329;-0.0082
01/07/23;13:52:20:997188985;1;0.3584;-0.9358;-0.0663;-0.8162;0.1683;-2.2499
01/07/23;13:52:21:196277022;1;0.3073;-0.9256;0.0756;-0.1117;-0.1397;-2.0681
01/07/23;13:52:21:396292984;1;0.5509;-0.9719;-0.2229;0.3479;0.5021;2.8032
01/07/23;13:52:21:595529019;1;0.2878;-0.7348;-0.0990;0.5608;0.2959;1.3805
01/07/23;13:52:21:796334028;1;0.6972;-1.0896;-0.2856;-0.0637;-1.1547;0.5180
01/07/23;13:52:21:996345996;1;0.4141;-1.1618;-0.0169;-0.8328;0.6143;-2.2212
01/07/23;13:52:22:196325004;1;0.2900;-0.8034;0.0464;0.0630;-0.7305;-2.4112
01/07/23;13:52:22:396526992;1;0.5698;-0.9980;-0.1377;-0.0621;0.8144;3.0975
01/07/23;13:52:22:595708012;1;0.3225;-0.6746;-0.1022;0.8993;-0.3752;1.4425
01/07/23;13:52:22:796284019;1;0.6060;-1.0898;-0.2990;-0.0136;0.1052;0.4499
01/07/23;13:52:22:996284008;1;0.6016;-1.2367;-0.0740;-0.7873;-0.2988;-1.7221
01/07/23;13:52:23:196357011;1;0.3298;-0.7938;0.0464;-0.1973;0.1652;-2.6224
01/07/23;13:52:23:396531999;1;0.5016;-1.1101;0.0590;-0.1059;0.5850;2.1587
01/07/23;13:52:23:595534980;1;0.3104;-0.7856;-0.0498;0.4120;0.3379;1.6784
01/07/23;13:52:23:796398997;1;0.6541;-0.9303;-0.2310;0.0879;-0.6524;0.8965
01/07/23;13:52:23:996330022;1;0.5684;-1.2506;-0.1003;-0.5448;-0.4106;-1.6335
01/07/23;13:52:24:196353018;1;0.3284;-0.7616;0.0295;-0.1484;-0.3465;-2.6245
01/07/23;13:52:24:396485984;1;0.4109;-0.9884;0.0728;-0.3152;0.8415;1.7632
01/07/23;13:52:24:595525979;1;0.3466;-1.0184;0.0288;0.4789;-0.6232;1.8187
01/07/23;13:52:24:796517014;1;0.6113;-0.8124;-0.2345;0.2120;0.3684;1.0388
01/07/23;13:52:24:996313989;1;0.5513;-1.1746;-0.1753;-0.6633;-0.5685;-1.2377
01/07/23;13:52:25:196362018;1;0.3668;-0.7101;0.0232;-0.1469;0.2517;-2.8709
01/07/23;13:52:25:396329998;1;0.4173;-1.0021;0.0348;-0.2592;0.3906;0.4778
01/07/23;13:52:3:13393998;1;0.4187;-1.1376;-0.0420;-0.4695;0.8460;-0.1603
01/07/23;13:52:3:213182985;1;0.3443;-0.7934;-0.0906;0.5763;-0.5460;2.0638
01/07/23;13:52:3:412434995;1;0.3963;-0.7241;-0.1150;0.4406;0.4211;1.1941
01/07/23;13:52:3:613184988;1;0.6060;-1.0123;-0.2522;-0.3953;0.2056;-0.5066
01/07/23;13:52:3:813371002;1;0.2739;-0.7096;-0.0315;-0.4307;0.1261;-2.4462
01/07/23;13:52:33:878826975;1;0.3314;-1.0075;-0.0322;0.5693;-1.0897;2.5327
01/07/23;13:52:34:279021978;1;0.4899;-1.2086;0.0166;-0.6633;-0.6494;-1.7022
01/07/23;13:52:34:478815972;1;0.3092;-0.8176;0.0746;-0.1100;-0.3830;-2.6218
01/07/23;13:52:34:678054988;1;0.4789;-1.1091;0.0271;0.0348;0.5126;2.3429
01/07/23;13:52:34:78832983;1;0.6653;-1.1370;-0.2516;-0.1598;0.1744;0.1806
01/07/23;13:52:34:877961993;1;0.3949;-0.7153;-0.0843;0.5852;-0.5093;2.3504
01/07/23;13:52:35:279030025;1;0.4995;-1.1311;-0.0235;-0.3738;-0.0901;-2.1077
01/07/23;13:52:35:478883981;1;0.2770;-0.8528;0.0961;-0.2250;-0.0603;-2.3144
01/07/23;13:52:35:677902996;1;0.4535;-0.9252;-0.0370;0.1067;0.2942;1.9403
01/07/23;13:52:35:78867018;1;0.6788;-1.1107;-0.2374;-0.1203;-0.1473;0.6485
01/07/23;13:52:35:879050016;1;0.3601;-0.6574;-0.1068;0.5694;-0.0769;1.9158
01/07/23;13:52:36:279181003;1;0.5429;-1.1964;-0.0033;-0.5632;-1.0052;-1.2434
01/07/23;13:52:36:478987991;1;0.3093;-0.7992;0.1109;-0.2708;-0.3486;-2.3478
01/07/23;13:52:36:677986979;1;0.4548;-1.1535;0.0334;-0.0542;0.7975;1.5899
01/07/23;13:52:36:79203009;1;0.5497;-1.1401;-0.2169;-0.1072;0.0901;0.4734
01/07/23;13:52:36:878771007;1;0.3093;-0.7663;-0.0519;0.5062;-0.0695;1.9724
01/07/23;13:52:37:278909027;1;0.6071;-1.3447;-0.0805;-0.6091;-0.6180;-1.1954
01/07/23;13:52:37:478771984;1;0.3548;-0.7767;0.0122;0.0010;-0.3999;-2.8290
01/07/23;13:52:37:677888989;1;0.4499;-1.0593;0.0144;-0.4018;0.4666;0.7395
01/07/23;13:52:37:78835010;1;0.5912;-1.0083;-0.2088;0.1226;0.1496;1.0044
01/07/23;13:52:37:877925992;1;0.3570;-0.8565;-0.0883;0.8757;-0.6845;2.1371
01/07/23;13:52:38:278809010;1;0.4911;-1.3223;-0.1204;-0.8533;0.9016;-1.6547
01/07/23;13:52:38:478897988;1;0.3080;-0.7352;-0.0315;-0.1625;-0.1706;-2.5231
01/07/23;13:52:38:678005993;1;0.3176;-0.8246;0.0728;-0.2595;0.5594;-0.0093
01/07/23;13:52:38:78777015;1;0.6270;-1.0177;-0.3135;0.5513;0.4483;0.9964
01/07/23;13:52:38:878850996;1;0.5260;-1.3098;-0.1753;0.3309;-0.9608;2.7291
01/07/23;13:52:39:278783023;1;0.5934;-1.4911;-0.1219;-0.6453;0.8851;-1.1157
01/07/23;13:52:39:479157984;1;0.3804;-0.8353;-0.0049;0.0870;-0.8111;-2.2458
01/07/23;13:52:39:678098022;1;0.3101;-0.8957;0.0087;-0.0417;-0.1267;-0.8014
01/07/23;13:52:39:78851997;1;0.5350;-0.7031;-0.1778;0.1304;0.3319;1.1237
01/07/23;13:52:39:878795027;1;0.5431;-1.2388;-0.2278;-0.1709;0.2363;3.0117
01/07/23;13:52:4:13176023;1;0.3608;-1.0997;0.0289;-0.2530;0.3382;-0.5649
01/07/23;13:52:4:213173985;1;0.4662;-1.0653;-0.1686;0.2441;-0.4343;2.3291
01/07/23;13:52:4:412442028;1;0.3881;-0.6858;-0.0778;0.2584;0.6793;1.1454
01/07/23;13:52:4:613198995;1;0.4995;-1.2055;-0.1895;-0.3182;0.4662;0.0246
01/07/23;13:52:4:813377022;1;0.3262;-0.8331;-0.0828;-0.2814;0.0230;-2.4213
01/07/23;13:52:40:278519988;1;0.6526;-1.3901;-0.1993;-0.3156;0.3755;-0.4450
01/07/23;13:52:40:478874981;1;0.3271;-0.7684;-0.0754;0.2842;-0.6777;-2.2425
01/07/23;13:52:40:678345978;1;0.3020;-0.8264;0.0242;-0.1106;0.1495;-1.4297
01/07/23;13:52:40:78826010;1;0.4280;-0.6476;-0.1100;0.0970;0.4901;1.1800
01/07/23;13:52:40:879028975;1;0.5740;-1.0933;-0.1326;0.0352;-0.1197;3.0666
01/07/23;13:52:41:278778970;1;0.5313;-1.1324;-0.2083;-0.2812;0.0773;0.2129
01/07/23;13:52:41:478807985;1;0.3667;-0.9778;-0.0574;-0.3240;-0.4104;-2.0694
01/07/23;13:52:41:678128004;1;0.2524;-0.7704;0.0374;-0.1589;0.0168;-2.5196
01/07/23;13:52:41:78850984;1;0.3529;-0.6248;-0.0919;0.3287;0.6674;1.1381
01/07/23;13:52:41:878766000;1;0.5594;-0.9576;-0.2063;0.0843;0.5387;2.8212
01/07/23;13:52:42:279240012;1;0.6656;-0.9436;-0.2458;-0.2080;-0.4168;0.4051
01/07/23;13:52:42:478767991;1;0.5839;-1.4289;-0.0896;-0.2602;-0.3818;-2.0686
01/07/23;13:52:42:677883028;1;0.3060;-0.7720;0.0284;-0.0297;-0.7028;-2.5507
01/07/23;13:52:42:78898012;1;0.3835;-0.7269;-0.1282;0.2447;0.6811;1.5318
01/07/23;13:52:42:878947019;1;0.4750;-1.0184;-0.0003;-0.2567;0.9796;2.6059
01/07/23;13:52:43:278768002;1;0.6380;-0.7886;-0.2275;-0.0898;-0.2575;0.7814
01/07/23;13:52:43:478766977;1;0.5261;-1.2110;-0.0912;-0.0421;-0.5205;-1.8038
01/07/23;13:52:43:677887976;1;0.2926;-0.7429;0.0321;0.1268;-0.7239;-2.3948
01/07/23;13:52:43:78794002;1;0.3231;-0.7806;-0.1376;0.4160;0.0675;1.7117
01/07/23;13:52:43:878843009;1;0.3780;-1.0026;0.0157;-0.2390;0.0524;0.8933
01/07/23;13:52:44:278773009;1;0.5578;-0.7604;-0.2004;0.3443;0.2052;0.9096
01/07/23;13:52:44:478842020;1;0.6333;-1.3600;-0.1536;-0.4137;0.1326;-1.3459
01/07/23;13:52:44:78871011;1;0.2840;-0.8118;-0.1059;0.7212;-0.7080;1.9102
01/07/23;13:52:5:13194024;1;0.3158;-0.9102;0.0412;-0.1639;-0.2908;-1.4809
01/07/23;13:52:5:213236987;1;0.4525;-1.0737;-0.1670;0.2438;0.3059;2.3907
01/07/23;13:52:53:946714997;1;0.3307;-0.8636;0.0035;0.1718;-0.5647;-3.1815
01/07/23;13:52:54:146715998;1;0.4262;-0.9238;0.0272;-0.3950;0.7432;0.5612
01/07/23;13:52:54:346652984;1;0.6778;-1.2389;-0.1059;0.3041;-0.7998;3.4310
01/07/23;13:52:54:546760022;1;0.4998;-0.7340;-0.0957;0.3865;0.3212;1.2957
01/07/23;13:52:54:745934009;1;0.6290;-1.1496;-0.2043;-0.5815;-0.1978;-1.4975
01/07/23;13:52:54:946730017;1;0.3399;-0.7481;-0.0185;-0.2151;-0.4761;-3.0078
01/07/23;13:52:55:146694004;1;0.3215;-0.8466;0.0322;-0.3628;0.0408;-0.6074
01/07/23;13:52:55:346639990;1;0.4470;-1.0793;-0.0691;0.7212;-0.3257;3.1636
01/07/23;13:52:55:546993970;1;0.5174;-0.8549;-0.2681;0.7243;-0.0863;1.3982
01/07/23;13:52:55:745917975;1;0.7186;-1.2654;-0.2323;-0.7292;0.3123;-0.7082
01/07/23;13:52:55:946648001;1;0.2688;-0.8077;-0.0604;-0.4393;-0.0961;-2.9641
01/07/23;13:52:56:146872997;1;0.2547;-1.0194;0.1248;-0.4085;0.7982;-1.1143
01/07/23;13:52:56:346638977;1;0.5223;-1.0453;-0.1561;0.7304;-0.7441;2.7497
01/07/23;13:52:56:546872019;1;0.5398;-0.8313;-0.2716;0.3845;0.0879;1.9835
01/07/23;13:52:56:746098995;1;0.5446;-1.1262;-0.2446;-0.4308;-0.1202;-0.9359
01/07/23;13:52:56:946649014;1;0.2865;-0.9115;-0.0219;-0.6912;0.0317;-2.5845
01/07/23;13:52:57:146640002;1;0.3105;-0.9978;0.0666;-0.0944;0.1833;-1.6640
01/07/23;13:52:57:346655011;1;0.5193;-1.0762;-0.1831;0.3164;0.1502;3.0719
01/07/23;13:52:57:546620011;1;0.4518;-0.7270;-0.1145;0.3501;0.2591;1.8159
01/07/23;13:52:57:746070981;1;0.6119;-1.0515;-0.2047;0.1836;-0.3366;-0.2630
01/07/23;13:52:57:946615993;1;0.3218;-0.9857;0.0114;-0.9756;-0.3174;-2.2280
01/07/23;13:52:58:146721005;1;0.3370;-0.9111;0.0602;-0.5968;0.5053;-2.0847
01/07/23;13:52:58:346633970;1;0.4430;-1.0223;-0.1086;0.8515;-0.0340;2.1731
01/07/23;13:52:58:546643018;1;0.4171;-0.6856;-0.1368;1.1747;-0.8109;1.8978
01/07/23;13:52:58:746035993;1;0.5283;-1.1370;-0.2855;-0.1246;-1.2859;0.5524
01/07/23;13:52:58:946816027;1;0.2850;-0.9752;-0.0248;-1.4119;-0.8882;-1.9320
01/07/23;13:52:59:146620988;1;0.3165;-0.9020;0.1702;-1.1640;0.0385;-2.0103
01/07/23;13:52:59:346641004;1;0.5085;-0.8028;-0.2270;1.1254;0.0152;0.9413
01/07/23;13:52:59:546639978;1;0.3716;-0.7429;-0.1764;1.1721;0.8563;1.9530
01/07/23;13:52:59:745981991;1;0.6324;-1.0884;-0.2029;0.2663;-0.7370;1.5198
01/07/23;13:52:59:946735978;1;0.5211;-1.1660;-0.0669;-0.4915;-1.4886;-1.5622
01/07/23;13:53:0:146777987;1;0.3387;-0.8848;0.1047;-0.6261;-0.5139;-2.2408
01/07/23;13:53:0:346624970;1;0.4614;-1.1464;-0.0183;0.2165;0.2491;0.6734
01/07/23;13:53:0:546823024;1;0.2257;-0.7397;-0.0208;1.0513;-0.4419;1.4202
01/07/23;13:53:0:745979011;1;0.5931;-0.9641;-0.2320;0.5439;0.5475;1.4513
01/07/23;13:53:0:946646988;1;0.5855;-1.1462;-0.1088;-0.4729;-1.6018;-0.5724
01/07/23;13:53:1:147023975;1;0.2847;-0.7593;-0.0114;-0.7653;0.8282;-2.7699
01/07/23;13:53:1:346665024;1;0.3549;-1.0565;0.0652;-0.2562;0.0045;-0.3285
01/07/23;13:53:1:546688973;1;0.4683;-1.1195;-0.1420;0.7430;-0.3873;2.1826
01/07/23;13:53:1:746002972;1;0.5855;-0.8095;-0.2669;0.2423;0.6602;1.3651
01/07/23;13:53:1:946627974;1;0.6072;-1.0441;-0.2508;-0.2173;-0.8004;-0.3941
01/07/23;13:53:13:246513009;1;0.6160;-1.5303;-0.2141;-0.4052;0.5935;-0.6857
01/07/23;13:53:13:446563005;1;0.2769;-1.0433;-0.0407;-0.9354;-0.5621;-2.8474
01/07/23;13:53:13:46613991;1;0.3356;-0.6784;-0.0971;0.3719;0.8811;1.6357
01/07/23;13:53:13:646785974;1;0.3541;-0.8344;0.0368;-0.0856;-0.5181;-1.9328
01/07/23;13:53:13:845743000;1;0.6245;-1.0092;-0.2337;0.3699;0.4656;3.5839
01/07/23;13:53:14:245593011;1;0.5593;-1.2322;-0.2468;-0.0872;0.1905;0.1505
01/07/23;13:53:14:446480989;1;0.4733;-1.2702;-0.0225;-0.7200;-0.3134;-2.3748
01/07/23;13:53:14:46486973;1;0.3982;-0.7042;-0.1237;0.5515;0.3504;1.6079
01/07/23;13:53:14:646493971;1;0.3046;-0.8358;0.0197;-0.1155;-0.5295;-2.4091
01/07/23;13:53:14:845717012;1;0.4889;-1.0720;-0.0840;0.0824;0.7986;2.8542
01/07/23;13:53:15:246743977;1;0.6187;-1.2203;-0.3073;0.0759;-0.2289;0.2673
01/07/23;13:53:15:446676015;1;0.3927;-1.1884;-0.0297;-0.6816;-1.3419;-1.6107
01/07/23;13:53:15:46607971;1;0.3029;-0.6976;-0.0825;0.4251;0.6720;1.7969
01/07/23;13:53:15:646553993;1;0.3277;-0.8311;0.0022;-0.3480;0.0944;-2.6370
01/07/23;13:53:15:845852971;1;0.3999;-0.9463;-0.0469;0.0607;0.5298;1.4213
01/07/23;13:53:16:246591985;1;0.5710;-1.1304;-0.2989;0.1695;0.1035;1.0256
01/07/23;13:53:16:446569025;1;0.4882;-1.2100;-0.0840;-0.6158;-0.7365;-1.9146
01/07/23;13:53:16:46500027;1;0.3277;-0.7298;-0.1077;0.5280;-0.0991;2.2371
01/07/23;13:53:16:646489024;1;0.3608;-0.8436;0.0154;-0.2776;-0.0614;-2.7183
01/07/23;13:53:16:845704972;1;0.3989;-1.0636;0.0402;0.0106;0.4997;1.2213
01/07/23;13:53:17:246410012;1;0.4984;-0.9477;-0.2176;0.3644;0.2709;1.1514
01/07/23;13:53:17:446488976;1;0.5220;-1.0431;-0.2399;-0.4743;-0.2237;-1.1420
01/07/23;13:53:17:46564996;1;0.3332;-0.9214;-0.0615;0.7367;-0.3097;1.7799
01/07/23;13:53:17:646501004;1;0.3132;-0.6933;-0.0312;-0.1617;-0.3221;-2.3276
01/07/23;13:53:17:845727026;1;0.3576;-1.1281;0.0336;-0.3517;0.2105;-0.2272
01/07/23;13:53:18:246710002;1;0.4535;-0.7109;-0.1707;0.1671;0.2451;1.4284
01/07/23;13:53:18:446502983;1;0.5764;-1.1615;-0.3584;-0.3541;-0.6246;-0.5184
01/07/23;13:53:18:46661972;1;0.4329;-1.1355;-0.0869;0.2759;-0.1337;2.0669
01/07/23;13:53:18:646156013;1;0.2917;-0.6769;-0.0660;-0.6155;0.4735;-2.2089
01/07/23;13:53:18:845797002;1;0.3144;-1.0947;-0.0215;-0.1396;0.0389;-0.8548
01/07/23;13:53:19:246609985;0;0.4188;-0.8270;-0.1165;0.1221;1.0776;1.2727
01/07/23;13:53:19:446606993;0;0.5729;-1.2317;-0.2519;-0.1443;0.0278;0.2078
01/07/23;13:53:19:46499013;0;0.4263;-1.0388;-0.1677;0.4698;-0.2635;2.0813
01/07/23;13:53:19:646403014;0;0.3404;-0.6807;-0.0863;-0.4991;0.0893;-1.9509
01/07/23;13:53:19:845936000;0;0.3128;-1.1473;0.0253;-0.6018;0.2641;-1.3059
01/07/23;13:53:2:146923005;0;0.3039;-0.7004;-0.0002;-0.5906;0.6662;-2.7873
01/07/23;13:53:2:346387028;0;0.3492;-1.0846;0.0662;-0.3647;0.1245;-0.3990
01/07/23;13:53:2:546633005;0;0.4254;-1.1138;-0.1141;0.5225;-0.8127;2.2781
01/07/23;13:53:2:745927989;0;0.4224;-0.7515;-0.1247;0.4525;0.6359;1.2390
01/07/23;13:53:2:946640014;0;0.5758;-1.1695;-0.2878;-0.1438;0.1753;-0.1873
01/07/23;13:53:20:246272027;0;0.3735;-0.6450;-0.1124;0.4287;0.5495;1.0201
01/07/23;13:53:20:446509003;0;0.5251;-1.3182;-0.2356;-0.1030;-0.0937;0.7595
01/07/23;13:53:20:46249985;0;0.4361;-1.1407;-0.1643;0.6118;-0.5618;1.7478
01/07/23;13:53:20:646808028;0;0.2923;-0.8345;-0.0673;-0.5445;0.3344;-2.2024
01/07/23;13:53:20:845905005;0;0.3277;-0.8111;0.0291;-0.2210;-0.5827;-1.4962
01/07/23;13:53:21:246532022;0;0.2740;-0.5791;-0.0944;0.4920;0.2787;0.6557
01/07/23;13:53:21:446995973;0;0.5038;-1.1655;-0.2240;-0.1518;0.0798;0.8897
01/07/23;13:53:21:46622991;0;0.4462;-1.1150;-0.1081;0.2084;-0.0442;2.1310
01/07/23;13:53:21:646502017;0;0.3859;-1.0099;-0.0275;-0.7253;-0.7326;-1.1953
01/07/23;13:53:21:845734000;0;0.3564;-0.8893;0.0112;0.0209;-0.4725;-2.4308
01/07/23;13:53:22:246501028;0;0.2750;-0.5968;-0.1001;0.5466;0.2816;1.1250
01/07/23;13:53:22:446750998;0;0.5383;-1.2726;-0.2304;0.0465;0.3084;1.0019
01/07/23;13:53:22:45857012;0;0.4382;-1.0498;-0.1090;-0.0188;0.5479;2.0554
01/07/23;13:53:22:646642982;0;0.4072;-1.2403;-0.0022;-0.7548;-1.6075;-1.0876
01/07/23;13:53:22:845713019;0;0.3714;-0.8040;0.0110;-0.5705;0.3875;-2.5838
01/07/23;13:53:23:246243000;0;0.2253;-0.6960;-0.0815;0.7829;-0.5261;1.3361
01/07/23;13:53:23:446494996;0;0.6225;-1.1170;-0.3121;0.4882;0.2342;1.0674
01/07/23;13:53:23:46543002;0;0.4244;-1.2109;-0.0137;0.0313;0.4636;1.2877
01/07/23;13:53:23:646402001;0;0.5516;-1.2216;-0.1619;-0.4562;-0.1928;-1.1151
01/07/23;13:53:3:146654009;0;0.2200;-0.7924;-0.0359;-0.6790;-0.0047;-2.5467
01/07/23;13:53:3:346341013;0;0.3162;-0.9621;0.0752;-0.4047;-0.1915;-1.4465
01/07/23;13:53:3:546818017;0;0.4528;-0.9130;-0.0851;0.3986;-0.5418;2.8579
01/07/23;13:53:3:745836019;0;0.3537;-0.6741;-0.1034;0.5651;0.3830;1.3884
01/07/23;13:53:3:946648001;0;0.5868;-1.2022;-0.2372;-0.1266;0.3999;0.3209
01/07/23;13:53:31:679986000;0;0.2677;-0.7471;0.0136;-0.6087;-0.2823;-1.9406
01/07/23;13:53:31:880276978;0;0.5943;-1.2638;-0.1086;-0.8264;-0.8128;-1.8137
01/07/23;13:53:32:279753983;0;0.4411;-0.9140;-0.0316;0.2779;0.2431;2.3214
01/07/23;13:53:32:479349017;0;0.2971;-0.6829;-0.1402;0.8385;-0.6104;1.9295
01/07/23;13:53:32:679304003;0;0.7097;-1.1566;-0.3781;0.2966;-0.0863;0.7873
01/07/23;13:53:32:79979002;0;0.2833;-0.9328;0.0478;-0.7424;0.3869;-2.9918
01/07/23;13:53:32:879962980;0;0.5403;-1.4307;-0.0359;-0.8374;-0.7762;-1.6704
01/07/23;13:53:33:280431985;0;0.4710;-1.1856;0.0354;-0.1723;0.7361;1.6525
01/07/23;13:53:33:479498028;0;0.2518;-0.7672;-0.0697;0.3746;0.0819;2.0066
01/07/23;13:53:33:680211007;0;0.6716;-1.0452;-0.3143;0.2851;0.0254;1.2805
01/07/23;13:53:33:79954981;0;0.3846;-0.8189;0.0141;-0.1751;-0.2585;-2.9437
01/07/23;13:53:33:880061984;0;0.6047;-1.2847;-0.1428;-0.4336;-0.4299;-1.6794
01/07/23;13:53:34:279974997;0;0.3429;-0.8810;0.0131;-0.1695;0.3839;0.5007
01/07/23;13:53:34:479691982;0;0.4845;-1.2089;-0.1756;0.4324;-0.3668;2.9715
01/07/23;13:53:34:680020987;0;0.5121;-0.7430;-0.1922;0.2994;1.3971;1.1349
01/07/23;13:53:34:80030024;0;0.3339;-0.8006;-0.0202;0.1292;-0.3733;-3.2615
01/07/23;13:53:34:879971981;0;0.5712;-0.9719;-0.2568;-0.4372;0.5613;-1.0171
01/07/23;13:53:35:280362010;0;0.3411;-0.9162;0.0511;-0.2681;-0.0709;-0.8561
01/07/23;13:53:35:479256987;0;0.5610;-1.3257;-0.2037;0.2191;-0.4518;3.6658
01/07/23;13:53:35:680167973;0;0.4413;-0.7620;-0.1130;0.5956;0.7867;0.8620
01/07/23;13:53:35:79706013;0;0.3163;-0.7931;-0.0310;-0.2244;-0.0154;-2.9823
01/07/23;13:53:35:880016028;0;0.4945;-1.3484;-0.1783;-0.1627;0.2060;-0.1527
01/07/23;13:53:36:279990971;0;0.3070;-0.9037;0.0289;-0.1864;-0.3989;-1.5068
01/07/23;13:53:36:479354977;0;0.4362;-0.8953;-0.1105;0.2942;0.5659;2.8598
01/07/23;13:53:36:680224001;0;0.2813;-0.6785;-0.0825;0.7714;0.2734;1.0106
01/07/23;13:53:36:80265998;0;0.2891;-0.8581;-0.0810;-0.4405;-0.0799;-2.6239
01/07/23;13:53:36:879346013;0;0.5857;-1.2316;-0.2917;-0.1372;-0.1247;0.5759
01/07/23;13:53:37:279976010;0;0.3275;-0.8342;0.0535;-0.2446;-0.6054;-2.1684
01/07/23;13:53:37:479336977;0;0.4749;-1.0988;0.0093;0.0996;0.9803;2.1399
01/07/23;13:53:37:680064976;0;0.2779;-0.7089;-0.0701;0.7221;-0.2663;1.7089
01/07/23;13:53:37:80003976;0;0.4039;-1.1482;-0.0182;-0.8147;-0.3499;-1.9736
01/07/23;13:53:37:880003988;0;0.5595;-1.0804;-0.2356;0.1543;0.0150;0.9904
01/07/23;13:53:38:279977023;0;0.3824;-0.7146;-0.0081;0.1937;-0.8460;-2.7034
01/07/23;13:53:38:479260027;0;0.3921;-1.0998;0.0118;-0.1772;0.4675;0.9996
01/07/23;13:53:38:679971992;0;0.3231;-0.8291;-0.0338;0.3036;0.6795;1.7462
01/07/23;13:53:38:79972982;0;0.5339;-1.2329;-0.1176;-0.5149;0.3317;-1.4911
01/07/23;13:53:38:879974007;0;0.4420;-0.8842;-0.1065;0.1696;0.4693;1.7454
01/07/23;13:53:39:280049026;0;0.2918;-0.7856;-0.0579;-0.4235;-0.3827;-2.6685
01/07/23;13:53:39:479290008;0;0.2961;-1.0460;0.0645;-0.3290;0.6594;-0.9180
01/07/23;13:53:39:680393993;0;0.5033;-1.1373;-0.1715;0.6074;-0.7560;2.5730
01/07/23;13:53:39:79972982;0;0.5914;-1.1003;-0.1851;-0.1069;-0.5757;-1.4590
01/07/23;13:53:39:879751980;0;0.6280;-0.6542;-0.1076;0.2977;-0.2117;1.6435
01/07/23;13:53:4:145973980;0;0.4449;-1.2787;0.0326;-0.7765;-0.4562;-2.4304
01/07/23;13:53:4:346638977;0;0.3313;-0.8896;0.0679;-0.1911;-0.4565;-2.5709
01/07/23;13:53:4:546759009;0;0.4688;-1.0241;-0.0006;0.2922;0.6663;2.7027
01/07/23;13:53:40:279972016;0;0.2805;-0.8244;-0.0274;-0.3888;-0.4188;-2.3099
01/07/23;13:53:40:479240000;0;0.2813;-0.9528;0.0874;-0.4264;0.2219;-1.1967
01/07/23;13:53:40:680312991;0;0.5272;-1.2016;-0.2239;0.6163;-0.9025;2.3217
01/07/23;13:53:40:80430984;0;0.5905;-1.4769;-0.1751;-0.3593;0.2335;-0.4018
01/07/23;13:53:40:880228996;0;0.4043;-0.6805;-0.0598;0.3971;0.7792;1.2834
01/07/23;13:53:41:280165970;0;0.4120;-0.7707;-0.0519;-0.5111;-0.3469;-2.1132
01/07/23;13:53:41:478868007;0;0.2831;-0.9730;0.1291;-0.4957;0.1717;-1.4431
01/07/23;13:53:41:679976999;0;0.4962;-1.1529;-0.1050;0.7106;0.0052;1.5129
01/07/23;13:53:41:79079985;0;0.7692;-1.6411;-0.1809;-0.4578;0.2170;0.3494
01/07/23;13:53:41:880398988;0;0.3740;-0.6079;-0.1259;0.6267;0.4576;1.4836
01/07/23;13:53:42:280170977;0;0.4875;-1.1446;-0.0221;-0.8355;-0.3522;-1.6293
01/07/23;13:53:42:80031991;0;0.5357;-1.2654;-0.2729;-0.1978;-0.2740;0.9461
01/07/23;13:53:50:596082985;0;0.3497;-0.8312;0.0516;-0.3096;-0.1251;-1.9345
01/07/23;13:53:50:796591997;0;0.4062;-0.9538;0.0137;-0.0898;0.3199;1.3130
01/07/23;13:53:50:996703982;0;0.3605;-1.0376;-0.0565;0.3025;-0.2791;2.9984
01/07/23;13:53:51:196704983;0;0.4334;-0.8550;-0.1253;0.3475;1.0589;1.0768
01/07/23;13:53:51:395779013;0;0.5690;-1.1300;-0.2944;-0.5425;-0.1109;-1.5344
01/07/23;13:53:51:595795989;0;0.2792;-0.7692;-0.0041;-0.6458;0.0685;-2.6062
01/07/23;13:53:51:796544015;0;0.3150;-0.9834;0.0509;-0.0273;0.3217;-0.6352
01/07/23;13:53:51:996551990;0;0.5082;-1.2609;-0.1088;0.1151;-0.1298;3.2727
01/07/23;13:53:52:196588993;0;0.4234;-0.7448;-0.1552;0.3518;0.8952;0.9606
01/07/23;13:53:52:395974993;0;0.6150;-1.3499;-0.2077;-0.3852;0.2493;-0.4070
01/07/23;13:53:52:596818983;0;0.2857;-0.8812;-0.0340;-0.2080;0.1621;-2.8444
01/07/23;13:53:52:796406984;0;0.3114;-0.8837;0.0631;-0.0914;-0.0656;-0.7866
01/07/23;13:53:52:996549010;0;0.5753;-1.1945;-0.2470;0.4157;-0.6655;2.9939
01/07/23;13:53:53:196542978;0;0.3927;-0.6869;-0.1037;0.3483;1.0203;0.9973
01/07/23;13:53:53:395875990;0;0.5680;-1.4097;-0.2386;-0.2676;0.4358;-0.1373
01/07/23;13:53:53:596058011;0;0.2722;-0.8455;-0.0547;-0.5490;-0.0030;-2.1262
01/07/23;13:53:53:796684980;0;0.3112;-0.7744;0.0400;-0.0801;-0.2723;-1.5217
01/07/23;13:53:53:996756970;0;0.5096;-1.0704;-0.0688;0.0175;0.1907;2.8465
01/07/23;13:53:54:196582019;0;0.3152;-0.6502;-0.0815;0.4063;0.3793;1.0435
01/07/23;13:53:54:395689010;0;0.6023;-1.1568;-0.2251;-0.1341;0.4403;0.4755
01/07/23;13:53:54:596544027;0;0.4586;-1.1883;-0.0642;-0.5679;-0.1798;-1.7099
01/07/23;13:53:54:796549022;0;0.3281;-0.7967;0.0054;-0.1539;-0.8782;-2.0358
01/07/23;13:53:54:996814012;0;0.4579;-1.2405;0.0012;-0.1030;0.8752;1.9991
01/07/23;13:53:55:196198999;0;0.2414;-0.6318;-0.0830;0.7066;0.0938;1.1105
01/07/23;13:53:55:395796000;0;0.5627;-1.0591;-0.2401;0.0093;0.1223;1.0444
01/07/23;13:53:55:595770001;0;0.5376;-1.2574;-0.0707;-0.5856;-0.1486;-1.3107
01/07/23;13:53:55:796525001;0;0.3306;-0.7657;0.0264;-0.1246;-0.5652;-2.1206
01/07/23;13:53:55:996302008;0;0.4452;-1.2689;0.0238;-0.3088;0.8233;1.0204
01/07/23;13:53:56:196550011;0;0.2720;-0.8488;-0.0087;0.2584;-0.1268;1.5592
01/07/23;13:53:56:395778000;0;0.4971;-0.7955;-0.1947;0.1813;-0.0225;1.0334
01/07/23;13:53:56:596548974;0;0.6213;-0.9928;-0.2719;-0.1335;-0.1495;-0.6746
01/07/23;13:53:56:796543002;0;0.3239;-0.7440;-0.0326;-0.2619;0.0951;-2.4614
01/07/23;13:53:56:996540009;0;0.3565;-1.1359;0.0479;-0.2493;0.4690;0.0238
01/07/23;13:53:57:195999026;0;0.4442;-1.0941;-0.1248;0.2060;-0.3570;2.0673
01/07/23;13:53:57:396902978;0;0.4447;-0.7917;-0.1396;0.2626;0.5184;1.2300
01/07/23;13:53:57:596282005;0;0.5783;-1.1423;-0.2617;-0.2850;0.3040;-0.5294
01/07/23;13:53:57:796543002;0;0.2484;-0.7245;-0.0358;-0.3219;0.5424;-2.3819
01/07/23;13:53:57:996541023;0;0.3455;-1.0356;0.0264;-0.2085;0.3357;-0.6009
01/07/23;13:53:58:196600973;0;0.4577;-1.1855;-0.1716;0.1907;-0.5315;2.3039
01/07/23;13:53:58:395771980;0;0.3512;-0.6716;-0.1189;0.3493;0.4789;0.8260
01/07/23;13:53:58:596544027;0;0.5364;-1.2289;-0.1873;-0.5257;1.3906;-0.0174
01/07/23;13:53:58:796217024;0;0.3228;-0.9102;-0.0270;0.0840;-0.6734;-2.4761
01/07/23;13:53:58:996697008;0;0.2901;-0.9379;0.0492;-0.2869;0.3896;-0.6929
01/07/23;13:53:59:196281015;0;0.4893;-1.0411;-0.1725;-0.0384;-0.6758;2.4918
01/07/23;13:53:59:395799994;0;0.3489;-0.5235;-0.0484;-0.0459;1.2958;0.8011
01/07/23;13:53:59:596689999;0;0.5578;-1.2669;-0.2152;-0.0119;0.3591;0.5051
01/07/23;13:53:59:796657025;0;0.4165;-1.1620;-0.0032;-0.2258;-0.7465;-1.9058
01/07/23;13:53:59:996538996;0;0.2599;-0.8136;0.0721;-0.0173;-0.3262;-2.0213
01/07/23;13:54:0:196550011;0;0.4554;-1.1397;-0.0208;-0.1209;0.6206;2.3364
01/07/23;13:54:0:395916998;0;0.3397;-0.6574;-0.1160;0.4344;-0.3777;1.6116
01/07/23;13:54:0:596583008;0;0.5888;-1.1443;-0.2067;-0.0521;0.2531;0.9025
01/07/23;13:54:0:796366989;0;0.5511;-1.1742;-0.1210;-0.2232;-0.7680;-1.5403
01/07/23;13:54:0:996540009;0;0.2907;-0.7806;0.0076;-0.0489;0.3929;-2.5865
01/07/23;13:54:1:196682989;0;0.4357;-1.0894;0.0292;-0.2783;-0.1450;0.8949
01/07/23;13:54:10:979777991;0;0.3551;-0.8578;-0.0330;0.4922;-0.1958;1.8035
01/07/23;13:54:11:180037975;0;0.5731;-1.2977;-0.1129;-0.9188;-2.0753;-1.1197
01/07/23;13:54:11:380230009;0;0.3119;-0.8261;-0.0176;-0.7641;0.6178;-2.7405
01/07/23;13:54:11:580147027;0;0.4322;-0.8904;-0.0054;0.0815;0.8250;1.8768
01/07/23;13:54:11:779307007;0;0.3414;-0.9065;-0.0754;0.3005;1.5520;1.3570
01/07/23;13:54:11:980277001;0;0.5667;-0.8585;-0.1349;0.4116;-0.3843;0.8104
01/07/23;13:54:12:180029988;0;0.6399;-0.9098;-0.2783;-0.1650;-1.3362;-0.5037
01/07/23;13:54:12:379958987;0;0.2692;-0.7063;-0.0296;-0.7498;0.5253;-2.2233
01/07/23;13:54:12:580482006;0;0.3942;-1.0519;-0.0320;-0.3394;0.7294;0.1755
01/07/23;13:54:12:779529988;0;0.3691;-1.0775;-0.0829;0.4481;-1.0645;2.2434
01/07/23;13:54:12:980020999;0;0.4430;-0.7705;-0.2376;0.5201;0.4692;0.8704
01/07/23;13:54:13:180060982;0;0.5022;-1.4842;-0.2221;-0.7870;0.7726;-0.0705
01/07/23;13:54:13:380046010;0;0.2716;-0.8783;-0.1022;-0.7409;-0.0998;-2.7519
01/07/23;13:54:13:580196022;0;0.3011;-0.9558;0.0111;-0.7938;0.4724;-1.3127
01/07/23;13:54:13:779538989;0;0.5366;-0.9988;-0.2612;0.7758;-1.1724;3.3624
01/07/23;13:54:13:980165004;0;0.3086;-0.7773;-0.1509;0.8066;1.0808;1.0336
01/07/23;13:54:14:180077016;0;0.4403;-1.3113;-0.2983;-0.1621;-0.2130;-0.0274
01/07/23;13:54:14:380011975;0;0.2643;-1.0547;-0.0638;-1.1469;-0.0577;-2.2592
01/07/23;13:54:14:580053985;0;0.3242;-0.8554;-0.0045;-0.5419;0.0372;-2.3026
01/07/23;13:54:14:779263973;0;0.4943;-0.9116;-0.1324;0.3937;0.6464;3.3513
01/07/23;13:54:14:980044007;0;0.0940;-0.6939;-0.1039;0.3275;2.1568;1.1593
01/07/23;13:54:15:180055975;0;0.5800;-1.1603;-0.3137;0.3256;-2.1254;0.4636
01/07/23;13:54:15:380214989;0;0.4915;-1.1615;-0.1002;-0.7391;-1.1075;-1.5129
01/07/23;13:54:15:580012977;0;0.3012;-0.8528;-0.0114;-0.5510;0.2355;-2.7709
01/07/23;13:54:15:779284000;0;0.4756;-0.9222;-0.0792;-0.0051;0.8530;1.9135
01/07/23;13:54:15:980104982;0;0.2266;-0.6885;-0.1532;0.7044;-0.3252;2.0166
01/07/23;13:54:16:179159998;0;0.6174;-1.0923;-0.3576;0.3456;-0.2916;0.6541
01/07/23;13:54:16:380010008;0;0.5749;-1.3196;-0.1376;-0.6401;-0.4783;-1.3032
01/07/23;13:54:16:580003976;0;0.3208;-0.8392;-0.0114;-0.5898;0.2347;-2.6819
01/07/23;13:54:16:779487013;0;0.4195;-1.0844;-0.0079;-0.1149;0.7883;0.9417
01/07/23;13:54:16:980117022;0;0.2270;-0.8670;-0.0921;0.7230;-0.8114;2.4589
01/07/23;13:54:17:179826974;0;0.5303;-0.8414;-0.3204;0.5193;-0.0605;0.9420
01/07/23;13:54:17:380019009;0;0.5527;-1.1479;-0.2232;-0.6129;0.3663;-1.2267
01/07/23;13:54:17:580567002;0;0.3090;-0.7824;-0.0120;-0.3852;-0.2708;-2.7899
01/07/23;13:54:17:779263973;0;0.3779;-0.8867;-0.0065;-0.2281;0.4626;-0.1827
01/07/23;13:54:17:980067014;0;0.4456;-1.2587;-0.1127;0.5866;-1.5259;2.9427
01/07/23;13:54:18:180172026;0;0.4749;-0.7468;-0.2379;0.3831;0.5938;0.6294
01/07/23;13:54:18:380053997;0;0.6028;-1.2218;-0.3383;-0.3509;0.5860;0.0137
01/07/23;13:54:18:579994022;0;0.2910;-0.8221;-0.0726;-0.6658;0.1295;-2.6179
01/07/23;13:54:18:779694974;0;0.2991;-0.8757;0.0174;-0.4082;0.0908;-1.2135
01/07/23;13:54:18:980117976;0;0.5286;-1.2143;-0.2657;0.7280;-0.3699;3.2911
01/07/23;13:54:19:180067002;0;0.2994;-0.6795;-0.1650;0.4977;1.0238;0.5549
01/07/23;13:54:19:380056977;0;0.5979;-1.1538;-0.3517;-0.1552;-0.3152;0.5141
01/07/23;13:54:19:580101013;0;0.4751;-1.2283;-0.1034;-0.7561;-0.2019;-1.8784
01/07/23;13:54:19:779533028;0;0.2964;-0.8146;0.0040;-0.3773;-0.1852;-2.0492
01/07/23;13:54:19:980054974;0;0.4835;-1.1357;-0.0534;0.3511;0.5284;3.0304
01/07/23;13:54:20:180131018;0;0.2218;-0.7163;-0.1120;0.6834;0.4427;1.1200
01/07/23;13:54:20:380245983;0;0.4610;-0.9465;-0.2923;0.0428;0.1714;0.4167
01/07/23;13:54:20:580007016;0;0.5457;-1.3315;-0.1174;-0.7662;-0.5275;-1.7085
01/07/23;13:54:20:779325008;0;0.3389;-0.7595;-0.0016;-0.2037;-0.5425;-2.4434
01/07/23;13:54:20:979924023;0;0.4367;-1.1403;-0.0376;-0.0589;0.7491;1.9768
01/07/23;13:54:21:180142998;0;0.2524;-0.8555;-0.0542;0.6766;-0.3970;1.4752
01/07/23;13:54:21:380226016;0;0.5509;-0.9286;-0.3052;0.3405;0.3087;0.8350
01/07/23;13:54:21:580021023;0;0.4266;-1.0560;-0.2398;-0.6163;0.0165;-1.4722
01/07/23;13:54:30:265444993;0;0.3036;-0.7747;-0.0422;-0.6754;0.1403;-2.4824
01/07/23;13:54:30:465489983;0;0.6007;-1.1798;-0.2434;0.3225;0.1479;3.0892
01/07/23;13:54:30:665547013;0;0.4037;-0.6062;-0.1370;0.6937;-0.1817;1.2837
01/07/23;13:54:30:865145027;0;0.5232;-1.1282;-0.2379;-0.1456;0.0802;0.1730
01/07/23;13:54:31:265429019;0;0.3024;-0.7872;0.0544;-0.2573;-0.4567;-2.2423
01/07/23;13:54:31:465427994;0;0.5394;-1.1144;-0.1331;0.1621;0.4672;2.8537
01/07/23;13:54:31:64751029;0;0.3714;-1.0017;-0.0515;-0.9061;0.4346;-2.1264
01/07/23;13:54:31:665464997;0;0.2478;-0.7093;-0.0861;0.8421;0.1142;1.4305
01/07/23;13:54:31:865566015;0;0.5971;-1.0970;-0.3046;-0.0537;-0.1897;0.6641
01/07/23;13:54:32:265565991;0;0.3131;-0.8761;0.0235;-0.3714;-0.2015;-2.7194
01/07/23;13:54:32:466022014;0;0.4926;-1.1017;-0.0233;-0.0722;0.4213;1.8843
01/07/23;13:54:32:64642012;0;0.5186;-1.1878;-0.0888;-0.6339;-0.2257;-1.7295
01/07/23;13:54:32:665395975;0;0.3540;-0.8389;-0.0923;0.8530;-1.0927;2.2535
01/07/23;13:54:32:864969015;0;0.4814;-1.0386;-0.2856;0.2595;0.7370;0.3964
01/07/23;13:54:33:264788985;0;0.2372;-0.7812;-0.0216;-0.7743;0.9351;-3.1795
01/07/23;13:54:33:465399026;0;0.3254;-0.8640;0.0416;-0.3637;0.8290;0.3960
01/07/23;13:54:33:64782023;0;0.6275;-1.2703;-0.1281;-0.7625;-1.6430;-0.4690
01/07/23;13:54:33:665396988;0;0.3802;-0.9666;-0.0232;0.7720;-0.8583;2.5318
01/07/23;13:54:33:865522027;0;0.4631;-0.9102;-0.2144;0.5035;0.5777;0.6664
01/07/23;13:54:34:265401005;0;0.2822;-0.7987;-0.0286;-0.8201;0.5708;-2.6072
01/07/23;13:54:34:465397000;0;0.3291;-0.9057;0.0416;-0.3045;0.1520;-1.1423
01/07/23;13:54:34:64700007;0;0.5819;-1.1950;-0.2273;-0.5696;-0.3331;-0.0513
01/07/23;13:54:34:665217995;0;0.4946;-1.2142;-0.1963;0.7827;-1.0439;2.5927
01/07/23;13:54:34:865487992;0;0.3059;-0.7454;-0.2109;0.9067;0.1985;0.8965
01/07/23;13:54:35:265394985;0;0.3045;-0.7608;-0.0581;-0.9482;0.5014;-2.1606
01/07/23;13:54:35:465510010;0;0.3039;-0.9561;0.0522;-0.5181;0.2354;-1.2811
01/07/23;13:54:35:64763009;0;0.6162;-1.3798;-0.3310;-0.4191;0.1813;0.3053
01/07/23;13:54:35:665408015;0;0.4609;-0.9906;-0.2373;0.7314;-0.0875;2.1644
01/07/23;13:54:35:865454018;0;0.4019;-0.6885;-0.1547;0.7772;0.1716;1.1480
01/07/23;13:54:36:265498995;0;0.3450;-1.1097;-0.0455;-0.8739;-0.0374;-1.8991
01/07/23;13:54:36:465701997;0;0.2844;-0.7543;0.0372;-0.3076;-0.1687;-2.1791
01/07/23;13:54:36:64642012;0;0.4783;-1.1660;-0.2385;-0.2872;0.3584;0.4569
01/07/23;13:54:36:665549993;0;0.4636;-0.9856;-0.0499;0.1938;1.0480;2.8700
01/07/23;13:54:36:865656971;0;0.3209;-0.6785;-0.1201;0.8003;-0.2161;1.2005
01/07/23;13:54:37:265578985;0;0.5480;-1.2571;-0.1356;-0.8205;-0.4823;-1.3702
01/07/23;13:54:37:465394973;0;0.3044;-0.7385;0.0186;-0.4477;0.2023;-2.5524
01/07/23;13:54:37:65138995;0;0.5868;-1.1160;-0.2847;0.0680;-0.2364;0.7140
01/07/23;13:54:37:665381014;0;0.4051;-0.9521;0.0196;-0.1341;0.6492;1.1801
01/07/23;13:54:37:865661978;0;0.3958;-1.0376;-0.0246;0.9105;-0.9282;1.9635
01/07/23;13:54:38:265359997;0;0.4659;-1.0424;-0.2657;-0.7551;0.1387;-1.2613
01/07/23;13:54:38:465394020;0;0.2844;-0.6963;-0.0007;-0.9009;0.2592;-2.0039
01/07/23;13:54:38:64997971;0;0.4759;-0.8437;-0.2073;0.4256;0.7942;0.6932
01/07/23;13:54:38:665504992;0;0.3428;-1.0054;0.0552;0.0524;0.7784;0.0524
01/07/23;13:54:38:865423977;0;0.3867;-1.1259;-0.0423;0.6727;-1.0505;2.2994
01/07/23;13:54:39:265452980;0;0.5717;-1.3006;-0.2244;-0.6899;0.1006;-0.8602
01/07/23;13:54:39:465367019;0;0.2759;-0.7880;-0.0119;-0.8664;0.3503;-2.2748
01/07/23;13:54:39:64665019;0;0.4435;-0.8320;-0.1901;0.4193;0.3143;1.1769
01/07/23;13:54:39:665391027;0;0.3079;-0.9500;0.0670;-0.1367;0.2256;-1.0927
01/07/23;13:54:39:865373015;0;0.4608;-1.1792;-0.1793;0.7313;-0.6482;2.3426
01/07/23;13:54:40:265492022;0;0.4965;-1.1338;-0.2450;-0.4680;0.0735;0.1827
01/07/23;13:54:40:465372979;0;0.3690;-1.0528;-0.0192;-0.8375;0.3252;-2.5222
01/07/23;13:54:40:64899027;0;0.4056;-0.7388;-0.1217;0.6851;0.1835;1.4762
01/07/23;13:54:40:665472984;0;0.2804;-0.8723;0.0685;-0.3638;-0.0888;-1.9523
01/07/23;13:54:40:865453004;0;0.4615;-0.9553;-0.1250;0.6156;0.0221;2.6269
01/07/23;13:54:58:729771971;0;0.3491;-0.7034;-0.1345;0.7577;0.4564;1.4003
01/07/23;13:54:58:929795980;0;0.6022;-1.1206;-0.2709;-0.1606;0.1654;0.1188
01/07/23;13:54:59:130026996;0;0.3511;-1.0061;-0.0251;-0.7617;-0.8974;-2.0170
01/07/23;13:54:59:329711019;0;0.3190;-0.9366;0.0419;-0.2178;-0.3479;-2.9057
01/07/23;13:54:59:528932988;0;0.4656;-0.8155;-0.1427;0.2606;0.7861;2.5391
01/07/23;13:54:59:729689002;0;0.3654;-0.7525;-0.1846;0.3913;0.1730;2.3572
01/07/23;13:54:59:929346978;1;0.5742;-1.0410;-0.2881;0.2379;-0.2413;0.8891
01/07/23;13:55:0:129773974;1;0.6054;-1.3065;-0.0821;-0.6474;-0.7148;-1.6279
01/07/23;13:55:0:329699993;1;0.3311;-0.9232;-0.0014;-0.0986;-0.4389;-3.3419
01/07/23;13:55:0:528937995;1;0.4432;-0.9634;-0.0444;-0.1339;0.5700;1.2279
01/07/23;13:55:0:729691982;1;0.2858;-0.7874;-0.1001;0.5418;-0.2520;2.7051
01/07/23;13:55:0:929804027;1;0.4611;-0.9231;-0.1998;0.5149;0.3624;1.0001
01/07/23;13:55:1:129705011;1;0.5091;-0.9375;-0.3205;-0.3706;-0.2028;-1.2069
01/07/23;13:55:1:329753994;1;0.2964;-0.8639;-0.0152;-0.6217;0.0335;-2.8600
01/07/23;13:55:1:529075026;1;0.4075;-0.9708;-0.0134;-0.3079;0.5588;-0.6595
01/07/23;13:55:1:729767024;1;0.3871;-1.0496;-0.0334;0.2493;-0.3863;2.9644
01/07/23;13:55:1:929750978;1;0.5212;-0.8346;-0.1898;0.4400;0.1421;1.3737
01/07/23;13:55:17:280111014;1;0.4919;-1.2205;-0.1887;-0.5887;-0.2170;-1.1420
01/07/23;13:55:17:479920029;1;0.2644;-0.7238;-0.1438;0.5655;0.7349;0.9860
01/07/23;13:55:17:680056989;1;0.5776;-1.0888;-0.3169;0.0238;-0.1793;0.8335
01/07/23;13:55:17:879936993;1;0.5163;-1.2788;-0.1173;-0.5500;-0.6889;-1.6769
01/07/23;13:55:18:279851019;1;0.5211;-1.1213;-0.0929;-0.0029;0.4887;1.2282
01/07/23;13:55:18:479852974;1;0.3494;-0.8389;-0.1185;0.5309;0.1620;2.1041
01/07/23;13:55:18:680033028;1;0.4911;-0.9095;-0.2847;0.4998;-0.1389;0.8071
01/07/23;13:55:18:79192996;1;0.3090;-0.7447;-0.0196;-0.4058;-0.4337;-2.3217
01/07/23;13:55:18:879849970;1;0.4966;-1.2586;-0.2067;-0.7662;0.3250;-1.0734
01/07/23;13:55:19:279841005;1;0.3160;-0.8637;0.0287;-0.0778;0.3358;0.0906
01/07/23;13:55:19:479923009;1;0.4783;-1.2300;-0.2733;0.8852;-1.1281;2.2536
01/07/23;13:55:19:680122971;1;0.4292;-0.6961;-0.1821;0.6003;0.2858;0.9995
01/07/23;13:55:19:79209983;1;0.2682;-0.7477;-0.0684;-0.4937;0.0710;-2.5485
01/07/23;13:55:19:879840016;1;0.4648;-1.3388;-0.2649;-0.8127;0.8002;-0.1248
01/07/23;13:55:2:129958987;1;0.5823;-1.2468;-0.2585;-0.4510;0.3513;-0.7737
01/07/23;13:55:2:329968988;1;0.3021;-0.8532;-0.0891;-0.5902;0.0391;-2.7951
01/07/23;13:55:2:528976023;1;0.2916;-0.8956;0.0692;-0.4179;0.3022;-1.4242
01/07/23;13:55:2:729704022;1;0.5227;-1.0815;-0.2939;0.7399;-1.6203;3.2770
01/07/23;13:55:2:929724991;1;0.3995;-0.7314;-0.1191;0.5493;0.9020;1.2153
01/07/23;13:55:20:279928028;1;0.2751;-0.7988;0.0250;-0.2631;-0.2990;-1.3663
01/07/23;13:55:20:479833006;1;0.4408;-0.9165;-0.2043;0.7564;-0.1761;2.5514
01/07/23;13:55:20:680033028;1;0.3315;-0.6867;-0.1954;0.6062;0.4562;0.8734
01/07/23;13:55:20:79249978;1;0.3242;-0.9189;-0.0945;-0.6581;0.0360;-2.2191
01/07/23;13:55:20:879855990;1;0.4915;-1.1322;-0.3177;-0.0749;-0.2533;0.2264
01/07/23;13:55:21:279769003;1;0.2988;-0.8091;0.0048;-0.3925;-0.2916;-1.8791
01/07/23;13:55:21:479853987;1;0.4818;-1.0469;-0.0994;0.3361;0.3050;2.2069
01/07/23;13:55:21:680154025;1;0.2422;-0.7006;-0.1285;0.9266;-0.0993;1.1588
01/07/23;13:55:21:79084992;1;0.4321;-1.1836;-0.0928;-0.8954;-0.1534;-1.6911
01/07/23;13:55:21:879862010;1;0.5194;-1.0398;-0.3347;0.1023;0.0008;0.3300
01/07/23;13:55:22:279830992;1;0.2968;-0.7198;0.0034;-0.5221;-0.2798;-1.8326
01/07/23;13:55:22:479817986;1;0.3966;-0.9880;-0.0530;0.3738;0.2997;1.3652
01/07/23;13:55:22:679830014;1;0.2886;-1.0152;-0.0963;0.6455;-0.0901;1.5946
01/07/23;13:55:22:79209029;1;0.4667;-1.2646;-0.1725;-0.9472;0.4013;-1.6698
01/07/23;13:55:22:879882991;1;0.4381;-0.8038;-0.2433;0.3649;-0.0538;0.6651
01/07/23;13:55:23:279853999;1;0.2666;-0.7754;-0.0307;-0.4853;-0.1620;-2.2890
01/07/23;13:55:23:479855000;1;0.3729;-0.9223;-0.0312;-0.2655;0.2999;-0.1386
01/07/23;13:55:23:679834008;1;0.4181;-1.2054;-0.1609;0.6637;-0.7462;2.0794
01/07/23;13:55:23:79080998;1;0.4577;-1.0161;-0.2795;-0.6877;0.7666;-0.7420
01/07/23;13:55:23:879962980;1;0.3776;-0.6639;-0.1472;0.7016;0.1384;0.7257
01/07/23;13:55:24:279922008;1;0.3008;-0.9319;-0.1051;-0.7734;0.0084;-2.0659
01/07/23;13:55:24:479834973;1;0.2743;-0.7736;0.0286;-0.3430;-0.1537;-1.5109
01/07/23;13:55:24:679822981;1;0.4838;-0.9834;-0.2837;0.9446;-0.2697;2.6488
01/07/23;13:55:24:79159975;1;0.4871;-1.3085;-0.3017;-0.5276;0.6076;-0.0614
01/07/23;13:55:24:879817008;1;0.3254;-0.6353;-0.1596;0.3690;1.3985;0.4862
01/07/23;13:55:25:280025005;1;0.5629;-1.3332;-0.1024;-0.8813;-0.7884;-1.1716
01/07/23;13:55:25:479900002;1;0.3066;-0.7230;0.0094;-0.3944;-0.2950;-2.1465
01/07/23;13:55:25:679826021;1;0.5179;-1.1613;-0.0969;0.2525;0.3526;1.7932
01/07/23;13:55:25:79120993;1;0.5657;-1.1069;-0.3392;-0.0690;-0.1394;0.6843
01/07/23;13:55:25:879844009;1;0.2064;-0.6652;-0.1483;0.9432;-0.4189;1.0055
01/07/23;13:55:26:279021978;1;0.5533;-1.3174;-0.1591;-0.7778;-0.0069;-1.2226
01/07/23;13:55:26:479816019;1;0.2965;-0.7281;-0.0249;-0.3539;-0.0601;-2.3543
01/07/23;13:55:26:679912984;1;0.4623;-1.1089;-0.0633;0.0027;0.5114;1.4652
01/07/23;13:55:26:79319000;1;0.5343;-1.0785;-0.3395;0.0885;-0.0557;0.7831
01/07/23;13:55:26:880047023;1;0.1768;-0.7414;-0.1361;0.3820;0.6274;1.3000
01/07/23;13:55:27:279847025;1;0.5881;-1.2272;-0.2316;-0.3382;0.1429;-0.8759
01/07/23;13:55:27:479887008;1;0.2588;-0.7297;-0.0665;-0.4171;-0.0698;-2.4544
01/07/23;13:55:27:679939985;1;0.3354;-0.8781;0.0048;-0.3656;0.6906;0.0978
01/07/23;13:55:27:79146027;1;0.5614;-0.8888;-0.2954;0.5255;-1.1374;0.8829
01/07/23;13:55:27:879875004;1;0.5232;-1.2800;-0.2143;0.7243;-1.4786;2.1782
01/07/23;13:55:3:129687011;1;0.4733;-1.2940;-0.2479;-0.1846;0.1645;0.0271
01/07/23;13:55:3:329917013;1;0.3745;-1.0143;-0.0602;-0.8993;-0.5319;-1.8496
01/07/23;13:55:3:528945028;1;0.3051;-0.8770;0.0079;-0.4835;-0.3073;-2.2386
01/07/23;13:55:3:730068027;1;0.4082;-0.8642;-0.1218;0.3439;0.8448;2.1739
01/07/23;13:55:3:929674983;1;0.3126;-0.7108;-0.1112;0.6312;-0.0091;1.6217
01/07/23;13:55:36:296742975;1;0.5735;-0.9953;-0.1865;0.7851;-0.2802;3.1364
01/07/23;13:55:36:496209979;1;0.3678;-0.7002;-0.1922;0.6202;0.7129;1.1088
01/07/23;13:55:36:696870982;1;0.4852;-1.1446;-0.2964;0.0197;-0.8108;0.5878
01/07/23;13:55:36:895990014;1;0.4345;-1.1576;-0.1143;-0.8211;-0.4528;-1.6604
01/07/23;13:55:36:96974015;1;0.4142;-0.6680;-0.1671;0.3729;0.8120;0.6566
01/07/23;13:55:37:297173023;0;0.5206;-1.0885;-0.1022;0.2051;0.5331;1.8878
01/07/23;13:55:37:496837019;0;0.2623;-0.8454;-0.1413;0.5942;0.7538;1.6373
01/07/23;13:55:37:696981012;0;0.4968;-0.8421;-0.2732;0.3561;-0.3088;0.9410
01/07/23;13:55:37:896121025;0;0.5403;-1.1694;-0.2771;-0.6039;0.0281;-0.9556
01/07/23;13:55:37:97315013;0;0.2600;-0.7670;-0.0124;-0.5578;-0.2053;-2.4479
01/07/23;13:55:38:296869993;0;0.3413;-0.8790;-0.0136;-0.1551;0.5396;0.0445
01/07/23;13:55:38:496493995;0;0.5066;-1.2925;-0.2268;0.7978;-0.5698;2.4429
01/07/23;13:55:38:696739971;0;0.4127;-0.7309;-0.1978;0.5422;0.5641;0.7729
01/07/23;13:55:38:896188974;0;0.4970;-1.3350;-0.3010;-0.5384;0.4320;-0.1141
01/07/23;13:55:38:96381008;0;0.2925;-0.7514;-0.0474;-0.5897;-0.0716;-2.3956
01/07/23;13:55:39:296064972;0;0.2639;-0.7653;0.0181;-0.3934;0.1607;-1.8203
01/07/23;13:55:39:496833026;0;0.4631;-0.9588;-0.1759;0.7573;-0.1322;2.3748
01/07/23;13:55:39:696739971;0;0.3145;-0.7150;-0.1757;0.8580;0.2615;1.3006
01/07/23;13:55:39:895964026;0;0.5068;-1.0707;-0.3304;0.0611;-0.2298;0.4664
01/07/23;13:55:39:96789002;0;0.4992;-1.1004;-0.1171;-0.8090;-0.5560;-1.7211
01/07/23;13:55:4:129827976;0;0.5626;-1.1738;-0.3080;0.2317;0.0710;0.5991
01/07/23;13:55:4:329693019;0;0.4874;-1.1959;-0.0970;-0.7422;-0.7272;-1.4296
01/07/23;13:55:4:528931021;0;0.2850;-0.8171;0.0047;-0.4398;-0.6373;-2.1895
01/07/23;13:55:4:730008006;0;0.4884;-1.1082;-0.0900;-0.0993;0.9983;1.1602
01/07/23;13:55:4:929672002;0;0.3128;-0.6879;-0.1299;0.5113;0.1737;1.8969